# Epigenetic clock results for the samples in purified celltype Wang dataset.,,,,,,,,,,,,,,,,,
id,Hannum 2013,Horvath pan-tissue 2013,Weidner 2014,Lin 2016,Vidal-Bralo 2016,Horvath SkinAndBlood 2018,Zhang 2019,Yang epiTOC 2016,Youn MiAge 2018,Lu DNAmTL 2019,Teschendorff epiTOC2 2020,Zhang mortality-risk 2017,Levine PhenoAge 2018,Lu GrimAge 2019,Lu GrimAge2 2022,Belsky DunedinPACE 2022,McGreevy FitAge 2023
NK-cells_F001,52.8938291354833,55.1704250559817,47.6557005382863,45.2993652640461,46.9195484943643,49.9560494906011,61.5335389485165,0.0770683242234626,1201.5654213247,7.13855298804232,2921.10054963901,-3.59295560559807,43.8638001747456,53.9138768368422,52.0233693768429,1.1517578105762,50.6632727662971
NK-cells_F002,46.0775715084539,48.1344899815252,29.6936253305377,29.4271608616664,50.5493863289179,48.4074066323758,58.1867977471227,0.0789557963820185,1167.03140023561,6.98048406947771,2586.53615484489,-3.74697121202014,32.950506574862,44.161993164259,42.3002923832838,0.94285701190399,35.7202943422303
NK-cells_F003,47.195544655571,43.0363431363219,43.6286640551488,30.5505981460614,46.1651460974739,47.574635108607,59.4662835880413,0.0844535876092773,1421.39568176561,7.59016538801355,2776.90015456854,-4.0145036876731,21.4837478702638,40.6354923169146,39.0017058059302,0.890176419431077,40.2462756392438
NK-cells_F011,36.5044081876758,30.2435552029227,31.2853872520688,20.430490129823,38.8002523545937,35.8329595933727,55.5396066403532,0.0569485815746858,746.885909995367,7.87832919089652,1169.26768987328,-4.07057834384169,20.8280305268124,35.8907829089366,34.6343552049743,0.986818023238693,31.0293906509642
NK-cells_F014,44.6550332303151,48.4367195814881,34.5053755518867,38.0753293842449,48.2929863253518,52.7539796984729,62.0819030421424,0.0704546361432326,898.065364901469,7.34747474877232,2032.30895709993,-4.29831490290589,31.4804504647009,46.0843118355984,47.5139511023105,0.901464323396538,40.5791011237509
NK-cells_F025,31.6367935129349,31.191195093982,16.5028120630463,18.6244670303954,41.869267071866,29.7127987868683,52.6634321297461,0.0502602809785004,926.626395760474,7.55563348621234,970.810207937202,-4.21167176724525,12.8927101229077,24.1856945559945,22.8870166681145,0.62587493130818,20.2852832282337
NK-cells_F026,40.5303474245474,52.4311643582051,33.3369688319417,34.5370173716779,49.6948706003168,50.5358652332265,60.766307142487,0.0580914474431286,931.396987378427,7.35110151333059,1349.55177360786,-3.89188607179253,29.8406324054813,40.7003255388573,39.5240975512325,0.608802961281816,39.5913597540701
NK-cells_F031,32.4982224473166,34.9859766525089,35.8591597324376,23.4891301953997,40.8816338986971,34.7427127673662,57.2299548257125,0.0660579130959279,1053.88838782102,7.22422452415443,1849.23892541484,-3.36847351205668,15.0593280126067,35.1919619365408,36.4895949329102,0.828691072089108,34.869758255766
NK-cells_F033,46.8022076324167,43.140767087607,34.4492308338662,30.4341351324542,43.5798407773641,45.6357146700231,59.980724454469,0.0662208434464033,1028.48888778039,7.1647583173126,1909.46172801538,-3.53845333541281,30.7790664107205,35.2201963780781,33.2881706393452,0.673987814067377,37.6968844941345
NK-cells_F037,47.2256566964389,46.083080100111,32.9847573665408,39.1974393123284,44.4679897190554,49.3504972947635,60.7760608102815,0.0905019047182707,1622.39074882363,6.82785527216173,3212.08102628687,-3.43913039262171,35.7299669969139,49.0746922862318,48.779435065897,0.8931235695388,48.0108556830829
NK-cells_F038,51.3162990081165,42.4539459971549,71.5379759616688,35.7965591656141,49.1393381070211,48.4306449934668,60.0177326253136,0.10865462718839,1986.12853516749,6.66808186388126,4740.42004800259,-3.28878264619687,27.5549084175088,43.7740587092048,43.1788841028429,0.746085341214591,45.0235146110138
NK-cells_F040,50.5421439904462,57.7189640270373,24.7879809677465,33.2892009756339,51.5604154811553,54.4222887715778,63.4084252840821,0.0779110582341676,1274.03085335252,6.7438360130831,2572.73248016237,-3.07854709603287,37.5075141474763,55.1269650221453,53.7325595240179,0.776862203225355,53.771407119606
NK-cells_F043,38.0693999439277,41.4725039711849,23.1179244910069,26.4039293766991,35.4800096897017,43.0354551360635,58.3779360176118,0.0482361614430586,843.968069517266,7.36460130348098,847.776293637533,-4.6534335640284,22.4621242949273,33.8332111508789,32.4245739228003,0.627097354705093,35.9251682606241
NK-cells_F044,41.4577808042426,49.7454312806706,67.2859465399991,35.4986940025049,46.4362111616683,37.1692466754046,57.5633282656753,0.0923907093633479,1418.84071063792,7.22559849076818,3310.24482346142,-4.0647537594599,29.098071917402,33.158548106374,33.7113198467827,0.710178604498812,35.9961051151265
NK-cells_F047,46.5088226669814,50.7166578681387,30.6205516955522,39.5215350096461,48.8652178519848,52.203827982329,61.3034385911356,0.0618790272573555,1227.35109920853,7.39231921475091,1550.40601031089,-4.0623190094697,34.7021009088274,43.8164314741272,41.7353486001503,0.69759717591566,41.5961057699739
NK-cells_F048,66.1632638928054,63.9441511875072,55.6900183805724,35.3789048001397,50.4109858034358,56.8115123486168,63.5047937090504,0.139620777518524,2178.20242652601,6.2936080664516,6045.28630672807,-2.8402094939166,46.8687645882051,57.9769020676568,58.3351751904069,0.661130873109371,54.3967104893557
NK-cells_F049,48.1294472279873,48.2993245798493,31.9994531012956,31.0894182587565,39.2844791013922,40.560263606741,58.927962314917,0.0537306051750352,798.159819153002,7.29569417551143,1345.59277461748,-4.30825254529784,23.6114110313545,39.5974783556798,37.552943404625,0.8024653439514,35.9886292098146
NK-cells_F052,44.916040092467,39.7201902212953,31.1740119237379,29.1707773301141,38.5964296014891,31.5011804507875,58.2466669936276,0.0596843366055939,888.704880442769,7.39192124671943,1586.83447362103,-3.85380165461081,24.55457113745,37.9527421806467,38.3450765643867,0.824909299089109,44.686919994887
NK-cells_F053,20.468425905969,21.7983108788747,22.4058812830589,8.3617754053211,38.0041194237006,22.5393051725812,51.1094032607739,0.046413321489605,765.488489691437,7.89977305374144,661.307732310893,-4.64879235333064,4.74344092548532,20.8811949779217,22.3289550979839,0.727330708047801,14.7546929550017
NK-cells_F057,53.7152662520129,49.0198993157365,34.5470098988853,45.677188601011,45.8849031206491,56.5270551284874,63.1653402273456,0.0605961460732391,764.692815039643,6.9992011290148,1445.96794912115,-3.79995394115943,33.3861279885185,56.9207557852535,56.5788725165385,1.03827468169542,53.151624839461
NK-cells_F061,29.6227266337499,37.0637129169126,34.7742052111685,19.6207427003004,44.2830267560921,36.6604377176847,55.0049043126743,0.0886428969766824,1661.96423998896,7.21719819004067,3028.47029064964,-3.54148599334631,16.5001871501721,37.9799587249337,41.0171606808178,0.677586231241288,36.5069407465904
NK-cells_F066,51.5324816747698,55.0441069582669,26.3891862270901,36.1867445078908,43.3087407830646,51.4588440882808,61.3634772117457,0.0543076308958307,831.60263679262,6.96349718436735,1240.69677610018,-3.72029646815443,34.9019861127044,52.6688909031761,52.0366155589062,0.840315195092365,52.5869765649052
NK-cells_F075,24.8518064981301,26.4889955221606,20.1678929650877,23.9765663324702,37.0862717916121,29.1831684788289,52.5169095276951,0.0622973118728801,978.274599394946,7.49660964504789,1641.06081515557,-4.45893227377379,5.388442949869,22.6013548557343,22.6692663908509,0.643536946431501,19.3938191410214
B-cells_F001,57.0569359216376,46.6026456912434,51.0001637246758,47.9918311480912,42.0791465970402,42.8987781826871,64.1747302735297,0.124491214633107,1515.71610793469,6.98377259284256,5646.40809192805,-4.52530657684786,51.9094465997492,47.1787046149692,47.434643648537,1.37661088430752,57.7785837291469
B-cells_F002,54.4309770155887,33.3727111256931,46.9421548234241,34.5333266599033,35.7277152913024,31.7846315931161,57.9525496229839,0.144823704018272,1364.38743321453,6.95459558767018,6364.44533316144,-4.18858985114632,39.1813831804302,33.2365862551536,36.3840201857651,1.30080419237071,45.4359934315936
B-cells_F003,67.7881211837558,43.172700360722,70.711825059292,58.9087196013263,43.0201169056658,48.4262452113659,62.859942975264,0.24057346516563,2560.5664719984,7.10438196795243,11493.7831052111,-4.61560438060546,45.9396352712451,50.038720860365,50.5459180423557,1.37319803712877,59.6461777270941
B-cells_F011,40.2816748592271,30.064551601462,60.2708495040308,38.3786410517988,39.0102050439849,26.9232659571227,57.1418491623381,0.117869958870918,1055.39502419056,7.57138467101664,4309.5588193279,-4.73301245240401,24.5830799029284,29.6998235591295,28.6348961265962,1.30743926761019,36.8413533833165
B-cells_F014,52.0003320301378,42.6983959833168,53.6375819914814,40.8334539355374,47.4939258353066,35.5071173072917,61.9306511799817,0.112402414334522,1033.31783038144,7.36790544902544,4419.2782869585,-5.01666120577474,33.9454010203944,31.3746795915656,33.7148154686807,1.35639331760138,45.2689207020492
B-cells_F025,39.883053364507,24.047236580275,17.1967047603159,30.7706287908528,32.8815287819698,23.0016884844654,54.1424224252119,0.0876751404794718,910.106859074846,7.41672432810646,2923.74349942435,-5.31877991404878,17.3814546592988,19.0231789025912,20.3444089596195,1.07415722639385,27.3495432839608
B-cells_F026,50.370939090303,44.7555863567179,29.8959987644372,47.9673581769534,38.4165954954054,41.7617238754957,62.5203345499248,0.118406723014598,1312.15116130979,7.02515971385377,4725.63617455564,-5.29807680292769,39.9832651676028,31.5323753060405,33.192979543716,1.1562580710565,50.5273560070713
B-cells_F031,43.5503813827651,31.1798796950458,32.5145824811161,29.3302498507263,33.2404328716353,21.762389057667,56.5785204597562,0.112179910322476,1248.62811764878,7.13976763187601,4513.9466590904,-4.65615956986425,32.8501536835439,29.6895203316844,33.0818613010158,1.29156379238529,47.8951346768909
B-cells_F033,55.6825384731669,40.1163652747229,50.710176145377,51.7840146510645,37.8359431526709,35.1723139502726,60.251736621773,0.151123402468277,1732.39663735285,6.99906549673376,6791.64318314278,-4.94532450147007,35.8292741111768,32.6640019012424,34.5079328452533,1.08075723573786,56.7702267352705
B-cells_F037,54.7778677134707,34.4421898065994,44.1684963631796,39.3588791402733,37.7406546677149,37.6066463376939,61.1685587424124,0.161058646638657,1765.73705638318,6.62587177642536,7373.97909903585,-4.14751986200335,44.1597294922642,43.1974722232465,46.0032976541217,1.24247060052373,58.2633733203359
B-cells_F038,53.6447204191619,36.4243696959654,54.7324007273704,43.7436543925563,41.0455065499944,34.3274824033765,59.3849598998178,0.159234094468948,1776.75734928168,6.95519914705425,7491.34077029531,-4.98298491075398,33.6765550713964,36.075287597146,38.795049357217,1.22646281320639,49.2066795315151
B-cells_F040,60.5182468758495,41.8031046921916,42.6974521625283,44.8785170062908,35.7121693455221,40.3842361678619,62.3336805555016,0.159826747821923,1690.12107177167,6.50879232205556,7042.50340655203,-3.7109505668074,45.0470588330155,46.4019184193006,48.6101348901232,1.21686357865753,65.6125887063484
B-cells_F043,45.4077862433077,35.1474497682282,36.1496283319582,37.957963981891,28.5790019093951,31.1537484519024,59.1759983166879,0.103557458887981,1199.70915894458,7.20202801037063,3949.27882383416,-5.57499229212351,23.6086304625812,23.9786774610701,23.9509745569596,1.08781098224868,43.306014033796
B-cells_F044,50.1224411725428,35.8473903669357,43.6770619956727,32.8189813191775,38.1338009920439,23.0837597113374,57.8750982398357,0.143995418779644,1366.33311058718,6.844679845865,6398.11856416262,-4.22556716178842,39.8678275989786,26.3220459384475,30.848830444565,1.08559172250445,46.7128045554651
B-cells_F047,54.486483450267,42.2296700842302,43.8512772162486,51.6574150612963,37.5282091597614,41.5962414345324,61.9749005941427,0.152936201560363,1783.59413869401,7.05533096990057,7034.94399619181,-4.80442890384115,38.4974575772721,37.948815860208,40.1134687518325,1.39624451744195,55.690026036424
B-cells_F048,50.8280940228751,37.6631683020702,38.0941540988186,32.9591763330515,35.7232148703951,34.0785974835388,59.5707966860472,0.146944998943627,1668.21380701053,6.91810953945674,6597.29697216386,-4.3912244832567,35.2569254459488,39.5248759662695,41.4890072557952,1.08021864087417,55.4220672016844
B-cells_F049,54.6414769450934,44.9436050747355,56.1282972351198,47.1114539471556,41.7624808988283,31.1388773014486,60.1728537329914,0.120931008407529,1247.86702564757,7.44459514859668,4830.1971369492,-5.3893221486078,32.5549818204454,31.4800332106578,31.4201988423451,1.32084552233344,38.8708027419261
B-cells_F052,56.0623042357779,32.3639779108282,44.2328342969467,34.5280150465896,29.622022323017,27.510988562486,59.088913925301,0.165025280835557,1680.80488978651,6.67906488276993,7787.68949930035,-4.18962100135809,38.6743789380917,35.7413683386987,38.5707971235205,1.2340983985566,56.7971778896855
B-cells_F053,32.5006743833266,18.1979842758361,27.8837496157511,7.39181049746887,31.3393727147109,13.1968599669794,53.5038539691251,0.0862383964580045,985.157760211695,7.51268987006802,2971.24938620125,-5.3166272346365,5.81411117065264,14.4837335035448,17.6073020762995,1.2001545282115,24.831432260189
B-cells_F057,58.5097563811015,48.5530710418838,43.4066319391496,51.5969502249445,40.3422599086389,42.8629860573011,63.3284203092758,0.136713600561151,1475.96044349206,6.80821829903279,5834.51437393071,-4.59496833488003,39.4234506195047,47.574411232719,49.7840382261415,1.46236770472526,65.0914571796446
B-cells_F061,47.6125099855789,32.3315649616166,38.7590934180104,37.0204353653662,33.4407728678825,28.4468427739391,57.4878484998864,0.183654509930857,2035.15501903729,6.79826089863573,8487.14578600166,-4.35084335441694,36.8057702943317,35.3645238672129,37.4616010566181,1.26937866609082,48.6605028821172
B-cells_F066,54.3097645808595,52.6271424852445,33.36338344401,45.4108271480054,38.0466627736952,38.3315460552474,61.7946324908822,0.0943802979817585,1026.0730832374,6.72688861703876,3441.92971883397,-4.61632321707988,35.8491229084595,43.2946581091816,44.5643087727078,1.30843665678359,58.087048643326
B-cells_F075,36.1993855499678,22.0812411345166,32.4211293321822,26.040156758063,29.3190570055392,14.3590240122908,52.8951760026195,0.106033709226037,1255.37669154354,7.29279635701408,4173.35571629365,-4.82732986414059,18.8447323626717,13.7754901821083,16.5508977258583,1.15391775279085,31.29707312593
CD4+ T-cells_F001,54.825842985996,43.8676834577378,48.5587965271762,57.5708935900825,45.4788870476119,60.0217184672773,62.876397378836,0.0706385265986719,1595.20909735373,7.17105489593938,2118.65180544847,-3.9155966351062,50.0105133213874,60.4990412010415,63.0024460184725,0.916655098286742,47.2418241834551
CD4+ T-cells_F002,40.0033084712148,41.2396783193306,37.7407528725354,34.2172343026077,38.343740754265,46.7698777907104,57.1108625718738,0.0656132602790815,1080.21686808845,7.57174449623597,1789.50242073225,-4.27784661983038,21.6969824336336,39.3222663301567,40.9729140652276,0.657820495382247,27.5476028680122
CD4+ T-cells_F003,48.7117979412356,45.4766103107477,52.3074105233276,52.6369353577459,41.2024309509266,53.6500354387185,60.2647309314129,0.0833767645611448,1599.87917498658,7.77744873709944,2720.76749018154,-4.57431884816716,20.3652595557115,42.4644176608678,43.376343167082,0.77801837088928,36.21744635451
CD4+ T-cells_F011,39.7969714111923,30.8686252694921,36.4723124452061,41.2632730238008,40.351382166508,40.912496811857,57.3192561212919,0.0733990019255899,1149.44176146178,7.71090739147642,2177.94203925709,-4.26027644435153,26.2551818218898,31.3415164689039,32.7658803362661,0.788357362585802,23.1450166258206
CD4+ T-cells_F014,55.2925386281764,45.0782805088671,55.1660403795132,47.5617699446244,41.4816179671993,50.047661490823,61.9304281136766,0.0729073286034663,1433.7714102779,7.08213251003003,2196.5480069348,-4.32156567013579,34.4374686172468,39.411046580284,44.3857071423557,0.754744347686089,35.4219634314935
CD4+ T-cells_F025,26.9774341402886,24.4485106788324,22.2817752670553,22.6154437581809,37.4718867296278,34.7488248564766,52.936066387208,0.056410151955121,935.237897717046,7.86863904000593,1273.35068263136,-4.71910756800434,3.26591172768705,25.3352519287976,26.4984753693608,0.464378815898117,16.0097886582357
CD4+ T-cells_F026,48.1689202743396,45.3206576031397,37.8278384057964,36.849467654797,41.5673368522848,52.2527396937301,61.5044762149047,0.0686036496601376,1245.80411906963,7.50072329035842,1952.63859968412,-4.55746656742341,20.7930207385104,39.1379058924957,41.0951083732625,0.550170824846811,35.8008523525823
CD4+ T-cells_F031,42.0341293588029,33.6852617687978,31.8062291244571,27.871773138249,38.318472354469,40.2690613869717,57.2144205287401,0.0718906724601853,1218.97990370433,7.44566792166783,2089.48418476621,-4.29700079935269,18.6090502054183,40.7824083499345,44.4367717604443,0.733500547301314,37.8143606527843
CD4+ T-cells_F033,52.3433340082152,37.9991991214295,40.6178170409806,40.9652500011988,40.8293868527202,47.8672335060591,59.9928974151784,0.0958619414642453,1536.48492187429,7.09446065434899,3520.44867806616,-3.90316560565234,36.2887680885797,40.0203429802852,42.7123261677478,0.661844327796499,40.3711170533217
CD4+ T-cells_F037,39.1131975755104,32.3144208657121,31.7031093981104,33.7031619717872,36.5906170744605,48.8226396629623,58.9898196547949,0.0635713951881067,1072.14510789054,7.24969156851374,1651.16331807521,-4.35802711454163,22.31279096848,42.983677281364,44.7964480659002,0.679977322992377,35.1950249296153
CD4+ T-cells_F038,52.2279101309232,39.5566275929289,35.667188919741,35.8046740790781,42.1741325313424,49.4145597777836,59.0424683182596,0.0817723427595248,1573.87194313708,7.03093994979784,2655.67763953104,-4.37700354297159,27.9982952001634,42.3869999281766,45.9946700936214,0.629175297140469,39.6434615766354
CD4+ T-cells_F040,49.2394569434979,48.7814160695083,34.9760607556679,40.9915396350326,45.6575889685424,58.3372473971727,62.6433177454975,0.0722453906222318,1338.32091935898,7.09610575288028,2149.34080720546,-4.27968507591594,24.8941625565967,55.3223440948457,56.2324709505847,0.781259642138838,48.6609032460532
CD4+ T-cells_F043,36.5462821241214,33.118654774968,25.5159800633585,31.0500390656045,34.5967047236994,47.6410228953346,58.0971102335253,0.0572901563373877,1098.89046623704,7.76669876919363,1310.76260755662,-5.1021543616166,13.0244489769743,39.1223289514782,39.54390063576,0.503754447688447,35.5655316906183
CD4+ T-cells_F044,44.3874748458468,43.88319298525,40.5969790613683,35.4838649346214,37.6189204824699,47.4217011734765,57.517039465621,0.0721289983331844,1173.91552404843,7.53773371841767,2214.79577719822,-4.71515138198449,19.0606003459181,39.5292297138347,41.9051268813691,0.616415566348643,30.8983454316761
CD4+ T-cells_F047,47.0216919862653,45.2085267657248,27.6568348080419,47.278672135223,40.8967244305469,58.4052001654704,61.6744489441087,0.0693825547511726,1420.1519602091,7.4490432681378,1924.81121674679,-4.86135688494548,18.9038784179245,46.9523872956163,48.3680192343109,0.609223209268197,41.6214516518475
CD4+ T-cells_F048,51.8507317138254,43.375923228627,36.1357601683931,37.9371029101146,41.570107606452,51.0420704404464,60.7932255389011,0.0783931864642503,1510.55353558707,7.02266922272718,2489.25209972153,-4.13139929165907,29.6705242593918,46.3039935004982,49.5504102143285,0.57955354156222,40.5703821765139
CD4+ T-cells_F049,53.0394137789313,37.7537259449174,50.7406797061317,37.3579757222465,36.0613163327274,42.5417580372465,59.2165194543171,0.0699420502248871,1156.89381686479,7.37456998072476,2055.44292838697,-4.14908847136885,27.2650917318073,41.6120456876095,44.1602335914714,0.690512837156202,38.9170873816633
CD4+ T-cells_F052,51.4223660887335,34.9477429812694,61.2990191621206,32.5023555358123,35.3106487753409,46.3704689104628,60.4232003401227,0.0784180257504078,1272.43386214321,7.04672140144226,2489.6993827522,-4.21059000906048,31.1270327779018,44.5851814221633,47.0100128417991,0.754360154926835,40.6682888310699
CD4+ T-cells_F053,22.8949836540252,17.4015882575574,24.3728545664657,10.1135947346072,32.3383992854702,27.1369045630015,51.2248759519877,0.0519958649857453,943.37341135441,8.40358500971769,983.840130599883,-5.2316738336862,-13.6025632434496,21.5057813114952,23.2792201468394,0.557588528285003,12.9980522628102
CD4+ T-cells_F057,47.5988626109399,47.7318655635078,37.5141492160524,43.4297833141628,41.6022056669521,59.665097062972,62.0712223301604,0.0705205338618366,1232.50269835279,7.44300398004272,1963.14144165757,-4.63185691950685,24.9991149578351,58.3808596343447,63.3136635290763,0.764772446699855,51.3366553386674
CD4+ T-cells_F061,31.700739828971,29.8541414889081,30.2469389036063,20.4998082367591,36.1840051360915,43.055712134807,54.3125385378126,0.0737890112963673,1211.82442961787,7.82816445648749,2133.08759920564,-4.61241621026972,13.5148675979099,37.8837228265162,41.0185658415438,0.642491375816421,27.4133214444276
CD4+ T-cells_F066,49.6879518119854,51.2395264261461,24.9154620866098,29.4548591380995,37.1448766533278,51.4073987366146,61.7227559059387,0.0606120420801916,970.924424746971,7.31747213064348,1476.81939846005,-3.99766971483892,31.1298789369678,46.8898979625519,50.9437094812567,0.738976480438256,41.1724948074419
CD4+ T-cells_F075,21.0073193719759,19.6060209803799,29.7148846944338,22.16079668373,31.0618296017196,28.3707945901659,50.0163946185418,0.0537977902289369,974.885852085724,8.36988834329806,1112.10948858052,-5.36210455872372,-7.56516789860781,19.4259286657365,20.1277689097771,0.505278806559323,14.4398375281331
CD8+ T-cells_F001,42.3990110574292,62.8632220942895,73.397693450032,62.4911515988151,56.920626448804,56.4528844393794,63.5550470562041,0.154344098858977,2967.8000668439,6.85619175591506,7356.17891418489,-3.79340738624111,41.6444062877815,51.8472402467732,52.7592098035844,0.885570621650367,52.2842850398293
CD8+ T-cells_F002,19.0517638607544,42.8243496923874,48.6226629844441,43.9705420346228,47.955055386,41.6497164640291,55.3983238607267,0.113396303536759,1777.96260892611,8.17048670950842,5119.2258945228,-4.6709230037461,0.29820816979943,34.7663821801708,32.9425954819858,0.785473266145928,32.7697074609211
CD8+ T-cells_F003,26.5418595814653,44.2397957078758,64.2413164651087,40.4558444234651,45.2330763656118,45.731083177676,57.9879453789735,0.118692698747732,2042.40247979234,8.34986941093578,4819.66604159575,-4.72273014330859,7.74385323123727,35.3983745367093,34.4969048966142,0.781452218829491,40.7521974041228
CD8+ T-cells_F011,0.83580423491675,30.8836451757808,45.4521944532983,27.2446508908046,42.2558837879532,31.8433640493965,53.7566546788899,0.0831548839527611,1111.42461790264,8.80764107297812,2672.86244475173,-4.65046926856199,-6.42690956991734,21.0430172602512,16.6644973803919,0.790269705627614,21.5309406790182
CD8+ T-cells_F014,34.9118232201247,42.9965937494002,58.0149974822621,41.4752929061778,50.5154049477388,41.7889445306851,61.0658147877487,0.134457488456672,2323.31574982072,6.76968295747102,5626.99072332665,-3.97546964136484,19.1988303036993,32.1967162716097,33.4837406854507,0.797030843305547,42.3862575891768
CD8+ T-cells_F025,-2.35738387274942,27.8549382065527,31.2761602662928,19.1339503377925,40.2468060927891,27.4771865341046,50.7599845170528,0.0764316124893735,1159.23085358956,8.97633310731158,2406.85815419806,-5.17606222564106,-12.6093834985839,19.9456196069659,19.4185799459385,0.444611068140849,18.1530698024917
CD8+ T-cells_F026,24.9801975505776,42.1544878665047,46.1740648107967,36.8673812709312,44.2518298090244,41.2730754426775,58.8517236368583,0.0949209212022978,1539.65747935628,7.67643757970085,3363.44050235206,-4.15345058278122,13.8295845861088,32.7572113344078,33.7347034903327,0.518478505753664,39.2614658148909
CD8+ T-cells_F031,25.1724979704522,38.5453482994459,50.6293332488596,31.0992041822208,43.5873178531161,35.3601263116903,56.8727658804046,0.106255190493962,2025.39329434036,7.27789844354136,4025.86617628023,-3.75986796090231,14.4477735282941,34.8928131808199,36.8468008766633,0.693993246158263,40.5173401775615
CD8+ T-cells_F033,43.8464950994633,51.341882754005,72.6279945719828,57.9848883098831,47.8140491033717,44.6155068488249,60.0653981081623,0.189205540663134,3392.56052304772,6.96992402037934,8873.43308767143,-4.1707063197852,25.5441829532544,38.2703775037323,38.8195938406772,0.628841348484331,49.3989880926678
CD8+ T-cells_F037,32.0106425394233,47.6255226310749,66.6227627005818,53.0474122421386,49.0610566950393,46.9844469144645,60.5182249016626,0.147924991726836,2570.67682996832,6.68354982821089,6728.48626585099,-3.8742127993514,29.0392817947347,42.1017748248923,44.1263794229888,0.693350932142557,45.4712106991268
CD8+ T-cells_F038,35.8497099476197,47.3406693022513,78.8709603302851,39.7055043844665,50.5267305914687,46.4927151391977,59.8125500086037,0.134352027677481,2443.24085951391,6.92784005679625,5810.27834116481,-3.53032330307158,22.6590548684501,40.6535594832576,41.3481273366466,0.658707964593985,43.6993011325142
CD8+ T-cells_F040,31.8082121728268,52.8906359968398,60.3147121988205,43.6046827268431,49.846221560255,49.1604901160823,60.9776218092762,0.128987970486909,2140.33449145513,7.1710903216213,5430.03588969748,-4.10781835264943,21.3126171355528,46.9072302974155,46.1245541848703,0.689762579527843,52.8637161916431
CD8+ T-cells_F043,3.89464251827105,34.0537698758681,31.5944037684922,25.89784909543,35.9204393075335,38.0287167902516,55.3467380848964,0.0705941011661118,1242.7814034975,8.98987388014528,2054.5180687935,-5.50985678778428,-9.9211617492027,28.3290951177698,25.7488804229916,0.451239260176712,32.7022541435985
CD8+ T-cells_F044,25.4333227840928,44.8057467959023,72.9035322867918,42.8131496706356,44.9147813899878,38.5029193586659,57.40328926782,0.122013472015909,1979.05025696336,7.36613153914293,4990.54581754903,-4.1382707032491,15.9070980614848,31.7600851717086,33.5858179163711,0.593939215669498,34.5610284756057
CD8+ T-cells_F047,23.577318074591,47.1791532014786,42.5086830305164,44.6513384122722,47.2720185633845,46.8510381943263,58.6496539925969,0.0953165171423893,1948.3631402306,7.86819739041456,3471.7166580498,-4.78113936331258,10.6802035718305,36.4651796901518,36.7005211437641,0.57772748843208,41.2027979192639
CD8+ T-cells_F048,36.4278580664702,48.9842596398093,46.0299749424709,40.3834395986168,46.7403655513196,49.7710947441445,60.410061725452,0.124278389816275,2304.65130690277,6.90799602392198,5034.62583566236,-4.03575774040706,24.2244982956511,43.3468738639637,45.0833998343317,0.439264813035286,44.7281818897969
CD8+ T-cells_F049,15.0865474731517,42.0337662003109,50.8489612910176,39.4976153100036,38.9310087005834,28.9804461272907,55.6983300026485,0.0784954246731391,1298.60927635101,8.49992872076603,2547.56017772626,-4.88953022812164,-1.42305966148118,27.4224565919282,26.0149410373583,0.628706218745251,30.1101295106011
CD8+ T-cells_F052,32.5162853301477,39.4818296102864,52.7343334340513,41.156613641243,42.2675466311678,39.6228496187027,60.2991683907076,0.122288011548365,2088.30058930963,6.88970005245031,5187.0790726279,-3.88901679514537,29.1295915923195,38.6610550696886,38.418913734951,0.547496300491373,48.6448947473815
CD8+ T-cells_F053,-11.2582794267396,15.5989169194684,15.8733451381338,3.77642543989032,32.4696981931376,16.1720452646607,48.0978909559507,0.0589454196848674,1076.33048024135,9.39980964879542,1350.69095332608,-5.5611041722659,-31.144027584523,9.821286114812,9.67685055219278,0.404369434709082,11.6216492802391
CD8+ T-cells_F057,18.8216997603347,50.8207043206991,50.1859607422325,53.0567939713996,46.3659875057669,50.9164639749363,60.556482410432,0.0922560479971854,1675.46790587534,7.94790742256913,3293.52762060821,-5.10591586017014,10.7519175928582,47.2509894411475,49.8214051883376,0.664278512414651,51.0402710576471
CD8+ T-cells_F061,7.28154792495377,25.8741023815458,33.9208983549774,24.8407908733826,35.203029384025,31.9562064285291,52.2113422059969,0.0958830238441921,1714.78359826975,8.28887299719032,3433.88949229916,-4.76493406704076,-0.119815774264872,28.3282871069219,29.6331031242165,0.573835208348301,29.5572075869905
CD8+ T-cells_F066,32.9234432661303,51.000696011906,40.4709349689968,34.6327468686893,43.1243967162083,41.6384373555501,61.0102711578748,0.0911178015050208,1515.13213382052,6.93896761761211,3393.4108248433,-3.79887112163659,24.7914867498803,41.6828902262242,43.2429434545382,0.699467867520065,48.6194019251037
CD8+ T-cells_F075,-4.3073423897046,25.0776414257422,31.827489376657,19.1191893770172,36.32699864784,19.3108127880091,48.3069059004932,0.0742305786231894,1269.86937845315,8.78140772566595,2294.05353587024,-5.12421446283826,-18.511481721379,13.9822228984637,12.3432836583601,0.555347598695897,19.3869102657656
Monocytes_F001,51.2996794321674,42.183249786388,33.0202602028041,55.9561913170134,43.0242177363842,50.5754186624033,63.3801779432827,0.0365952342198167,640.575935343167,6.96774906286959,176.283540803851,-1.06412055581432,62.2802408157238,67.0418046670782,78.2217391918713,1.32833687965277,54.0319287747243
Monocytes_F002,55.8242753804573,37.5420526047393,13.7906442965574,40.5378848103418,42.7298460045179,45.4936157519823,58.6021529386704,0.0378464345159188,488.296273017877,7.08213544829987,221.998091219775,-1.6971280161966,51.6747481167894,55.2054123630354,64.4931978657614,1.38580272835391,42.9925856807103
Monocytes_F003,49.5383838572842,37.320952947353,24.1993015146843,51.8100705561703,38.5131374234474,48.3069502002019,60.2674796563146,0.038380377158449,594.014822956969,7.54490231018083,271.272358568673,-1.78082018984433,40.5524851239992,53.0960797700605,63.8850188130478,1.3033912230108,41.9651389738234
Monocytes_F011,39.574589548035,24.8973003502159,18.1355545213199,41.4393626090791,29.6139598361952,34.6764139416955,57.0338926099986,0.0403007124515563,473.803783891224,7.67400939508804,330.02787657622,-1.53696451992372,32.9709018548159,44.441549400957,55.9639356685432,1.36485839575519,35.4140788901194
Monocytes_F014,51.5362128086128,45.2695000562365,30.8615462857591,59.9474389476139,39.9068620945715,53.2774715974122,63.2522758359213,0.0378439234362504,475.157113232989,7.50198075444476,188.116641075754,-2.5607988651772,58.5383111207181,54.8314745786418,67.6791210205965,1.35965826504079,44.7849318274432
Monocytes_F025,34.9589735870987,26.034146994522,13.7471880849553,36.6607012807112,36.1507330619358,29.3677193354038,54.6739858818777,0.0356645536316235,465.439374780113,7.2498119780187,113.891729179004,-1.66165073573191,31.3941041996406,33.5243964166651,43.1808131836621,1.16294590600513,23.7365752243321
Monocytes_F026,50.3677468208812,50.3319089302041,34.9623417987478,62.4210616529959,47.4352903671595,55.2975072834162,63.2361313974484,0.0388259927254407,488.16673388824,7.00430851398349,295.550234753762,-1.68990805868927,53.6700727239937,53.692878433837,63.2722283761674,1.24182801583716,48.3217414297818
Monocytes_F031,41.7693590854145,31.8107192534439,20.9426611772617,44.6620690652376,35.2893208163881,37.3015816388652,57.3334233137372,0.0391854041517692,503.971956166925,7.06449037561995,276.505165465723,-1.27630910038284,46.1645229554554,55.6526726663351,67.0959913290432,1.47996997410003,50.14934672932
Monocytes_F033,51.1461606273539,32.9769003692632,16.6284765984423,52.7936134849238,43.0145323547847,52.1017797073523,62.1716843513834,0.0401668244576291,436.17346003024,7.16523393469107,302.589801563807,-1.5623597145652,49.7577596401891,52.9488538605556,63.0226331326247,1.18163415648905,48.7383753867326
Monocytes_F037,43.2411434944434,41.7102467608123,15.6985439112146,42.4428126564947,40.6821538619454,45.2406623281007,61.5406216591742,0.0363566988135178,403.211935123785,6.63790615634339,143.843097159914,-0.560017476903388,56.0318656370169,60.5594251342122,70.5593201380427,1.2566525948196,50.8639909413126
Monocytes_F038,41.4367695300231,36.0273020236157,9.36974293808064,41.8509542631566,38.1060705826083,40.5937845380521,59.0725880120896,0.0350126800343759,456.497788840598,7.04997398523739,104.018694912846,-1.67036775994189,44.5888549695847,50.9605490748086,62.414934827678,1.27109196118251,46.4082546501046
Monocytes_F040,55.6493922950576,49.3842548774953,13.4657732653998,60.0596907916281,45.5329383119621,55.6795280618378,64.7043357206932,0.0369212519077708,478.489892361261,6.80606530352219,206.872912725979,-0.285993134232544,59.6679811434967,70.3857209345298,79.3376152118755,1.36986909528373,65.1945803347208
Monocytes_F043,45.0264634550079,38.8478504765077,17.9652708608353,41.8883045122968,33.5740256884162,44.4357569088595,60.2377732269929,0.0374344455725573,456.837894618752,7.00904764297765,228.842242298827,-1.61125282525972,49.3603606838826,45.2775994120874,55.1032296610232,1.24089260857741,45.2684290928805
Monocytes_F044,46.9939301216965,43.1979971470552,21.5936581627506,47.1164033769794,41.8009540033663,41.147623027867,59.2416529025979,0.0375004066005597,450.600228950196,7.11272994366696,219.904852304182,-1.62936743655246,50.8360121960257,45.7775074350466,55.7959214832244,1.18306798196777,41.7149351423115
Monocytes_F047,52.6825794582932,51.8257102073349,12.6106788034088,62.4465927648813,43.1512784520706,53.838669421122,63.6762701795282,0.038897319184346,550.757339699972,7.14062742593623,273.687756423756,-1.9433580231902,56.0241774618553,56.8654331800824,67.9898771081391,1.40783240331922,50.9935828386098
Monocytes_F048,49.9657242853543,42.5036149447418,12.34972787302,47.8402698331853,42.0125182831928,52.5845664820786,61.8803591414408,0.0362551902109535,449.201879645809,6.86364690441412,136.722067939864,-0.894837316561363,55.6941935763301,68.2531590469507,76.841636963599,1.28219552722742,56.0265489400403
Monocytes_F049,51.1744499791167,40.6903236928317,33.5209952741018,50.5895956988674,43.1582823852426,44.0733809614096,60.0435448189861,0.0379433450686995,468.919155181148,7.33735185381704,205.795907796427,-1.66076808794084,45.9332376437917,52.2399009789583,63.7871919560094,1.28011339019117,46.0318884651771
Monocytes_F052,49.1698675202756,37.4883550483652,19.2552022158619,44.0174776715952,38.4111945686873,41.1715742949089,59.1024192748019,0.037422819093661,415.35094605759,6.93990294946002,134.583661400591,-0.520813544008333,52.2271377002872,62.0893271122755,68.4348111064544,1.36801935846869,57.0747860958525
Monocytes_F053,32.3416667068922,20.1839612762685,9.89337395498627,28.130224980888,33.5178663931891,26.7812836546409,53.890841768522,0.0354645248329242,457.19760411112,7.52536262893856,81.8293138886084,-1.58554213679479,30.7932689791605,37.8430648178141,50.0703839937956,1.25097477250611,26.0307420101761
Monocytes_F057,63.3092174737683,53.1084697483157,16.2324510051325,65.7570333221962,48.2429482398643,59.3109805820564,64.7791306041487,0.0402918294034194,459.943437144227,6.75992457715031,343.168085701075,-0.637385985889077,61.6712721870702,73.3367653046814,84.6459572645399,1.50392812487942,66.5305324541091
Monocytes_F061,36.7145652047256,25.3914759954136,19.9748572105062,31.5896307185054,32.4656313895636,32.5653258411415,54.9695942671373,0.0434466270592495,510.32035922982,7.08964552987731,496.545451734706,-0.759591881026424,41.5444116191681,53.6019074336822,63.8152768250887,1.33365078288815,40.5199172365593
Monocytes_F066,60.3123753019508,56.0437297969816,19.7037189078934,56.1738785589006,43.9450306818249,57.6477426452906,64.4747972220506,0.0338509645340131,378.070859490575,6.51383274749962,83.0497484387866,-0.471878660602179,63.1466155302091,72.9123019064354,80.7477628693936,1.43959689079907,64.2635910784917
Monocytes_F075,33.5925153200974,31.1872636021231,9.67494998654624,39.3675791306891,32.0529534387753,27.9010939626533,52.6498189515076,0.0348402083000737,431.866468171609,7.19909062065376,38.8588516491853,-1.94071446252544,35.8023324651562,31.6956063838783,41.7275730218618,1.17395754551856,24.8518334868465
Neutrophils_F001,51.0085801031376,42.6501554685519,29.7342988088918,40.10790961419,55.2484403089848,48.6908732529484,61.3201095093768,0.0363439643354936,580.475978903945,6.99769579956323,151.938492380491,-0.971266574148158,57.7389561310029,65.3173685763365,71.9206583174927,1.18472331932566,55.7652533168924
Neutrophils_F002,49.9856351742869,42.4510358682224,11.7880782330908,43.1924678206033,56.2625105890554,44.2797802605564,57.5193969196849,0.0373669704271141,454.283451876529,7.11175962021079,181.177100110812,-1.08304651752375,49.9549107516007,52.8275915743114,57.8411945105255,1.14953536570021,42.6343900547307
Neutrophils_F003,53.5779234336475,38.7256156731058,22.1958209712309,32.1989174292207,51.1871781444041,48.0422244513203,59.5742517164155,0.0395648974597223,558.127440885601,7.519140796372,295.800662128322,-1.62504466147685,31.8464883678967,50.6331777419521,57.9034519575159,1.16564619870486,42.8200822227165
Neutrophils_F011,41.2051482203875,30.1369469753671,5.8657324236832,27.2970731506491,45.9601466391853,34.2092127376503,55.0446974926007,0.0362594132127634,514.319589486774,7.50708320353289,90.0439718338149,-1.38836834429393,36.1759314185236,42.137818651353,51.648628374425,1.21416314028066,37.5923328225182
Neutrophils_F014,56.4372630684107,47.468112481929,15.8882971758626,48.9616683425824,63.2373568477031,55.6061156488688,62.3379926476304,0.0408540631900947,342.091777931935,7.5599350091443,297.585920799533,-1.66960320787803,50.8557114081848,58.1348164015183,66.620867540194,1.26827142485339,52.7162141576879
Neutrophils_F025,35.3705725082122,27.9088322785163,13.2864573286813,32.8662099908548,51.8109845475314,28.4365242550555,52.5131896489755,0.0348646187153172,459.951315622427,7.29856501673095,81.8033597238714,-1.49850697942049,33.2817429751971,32.144868976362,38.6477821449755,0.824927993626376,22.0878227861797
Neutrophils_F026,56.533229273412,47.3169803956634,39.8439834912356,54.3265532986852,61.6499139848951,56.0102566092529,62.0603532074286,0.036061941320487,540.698463896437,7.13317783003589,118.385929847248,-1.75484703160421,49.5941248284223,53.2547525296622,59.668224582726,0.924015592996495,47.6633652582687
Neutrophils_F031,45.1721271066752,35.277930006836,18.4612080587608,32.8148635942966,52.4002758307187,38.3776364947898,56.5606321010368,0.0381329570215877,498.975055658256,7.1565829765107,183.344332919347,-0.966338008825289,38.9455902311563,54.2376646478772,62.4205032991383,1.22752982741486,48.3490861614129
Neutrophils_F033,53.9362557666807,39.59904941477,17.8082466760779,42.7301928604875,61.1068738253336,48.7659034045796,59.8679373989011,0.0371350084040462,472.0849553378,7.27784237623549,153.673393964614,-1.48803859746159,41.0924081856275,47.4718630144093,53.5641649794448,0.880994864899858,44.203202806529
Neutrophils_F037,44.4373747414607,40.4415457300605,15.0606094970619,37.9690133142482,54.101778209701,43.9898135090543,59.8031967024194,0.0354551715036779,381.587542660293,6.79922836109611,85.0422863487994,-0.350071919094553,47.2187171680745,57.4110891886324,64.2659201630112,1.01126370812122,48.3087339345297
Neutrophils_F038,45.9081449590576,34.4077666944498,13.7039768590039,31.2540098314826,54.9008149849077,39.2849904446986,57.3225368023332,0.0342917401485139,482.86022894119,7.10021952469777,20.2424587057852,-1.76891953575269,37.2520538759016,48.6993258380369,55.7362222402415,0.944130609334349,44.1939145538465
Neutrophils_F040,57.8302600646314,54.5300882345907,12.2297702812353,52.7039770782738,62.0979023782056,54.1076053697553,63.2815801672729,0.0352563459250839,441.945087830623,6.89300278121531,86.1049177873965,-0.194036999086938,54.9791021840518,67.037741845713,70.9462607874142,1.03674496438839,64.5754555221965
Neutrophils_F043,47.1635148635101,36.7659594413297,16.7988260761257,33.8137511618752,50.47638938863,44.1322994175362,58.8340365076551,0.0384387370357474,429.805661127798,7.19285062639508,267.374534126875,-1.21005415283651,40.3703385233483,47.0815363018132,53.5734275417946,1.03715488019477,44.0226034263135
Neutrophils_F044,48.9265368116694,40.9692682921198,24.686897623967,33.0085764342387,58.4032331015166,39.303698838951,57.9977397410453,0.0349676596557825,437.227610590607,7.22750294983051,94.4839458292652,-1.59015588834657,42.0286879656055,42.0151876704334,47.441421514763,0.851015561509138,39.9579901431625
Neutrophils_F047,56.2483960265233,53.4368883077566,12.5899645072724,54.3353574056329,60.5051938471193,55.6369565234084,62.5702793420123,0.0401273517998511,552.598537988875,7.27582957900902,368.65324975839,-1.7853947678392,51.9672857600612,57.0747156517792,64.4553492489531,1.16680945454006,52.2932173719779
Neutrophils_F048,52.4169824221849,47.259445357497,16.3099526489682,42.2567557534606,58.3086370209088,52.4928277763498,60.3575301289907,0.0356596498671159,424.549838656848,6.95618037935194,111.20005112791,-0.336242002182112,50.8652578439235,65.1654902515443,69.4945141752338,0.925251445603066,54.8107334952121
Neutrophils_F049,50.442526672753,42.5641083900878,23.2940726943617,39.7813509810599,58.0782607310778,42.4718564655533,58.0828719097335,0.0351885544082045,475.004934323273,7.35568822972684,81.3643449076571,-1.29041550950024,41.0644001017749,48.7844189443079,57.4612134043461,1.04680497181846,41.8168749280035
Neutrophils_F052,49.1216797586448,37.8030884946246,22.25729992542,32.9129253201348,51.9525472239098,36.390042083627,57.858640700979,0.0336393404816484,429.074839204551,7.06709907472411,1.91229105680445,-0.45619359802972,49.129389470401,58.9066178767113,62.0290032302722,1.06114588105924,58.9488763602661
Neutrophils_F053,33.6385090436195,21.8963748479576,9.18555603137629,15.0182504158292,50.1379991431381,27.430840952579,52.3696123488001,0.0342574737734434,440.503873326272,7.66425330557494,10.0300629168972,-1.17332788444995,25.1556479373829,37.3016214154999,46.3275198529015,1.04693378721737,26.3498407073697
Neutrophils_F057,59.8177299739492,49.333198531483,29.7726785521349,52.716919310414,63.3838579344466,59.9152216556942,63.4568723935482,0.0409874488414704,523.456831476022,6.80119132785102,352.272667112894,-0.776794453790444,55.9670518005481,71.5717370656311,78.8917044818763,1.27730727515536,62.4831725369679
Neutrophils_F061,35.178148964483,26.5157401771615,14.7546713922474,22.9920688136133,49.1904341298858,29.8102356784577,53.9706021650273,0.0464593604752156,424.592875516234,7.40945863642174,577.571965981245,-0.454073585120604,30.2915908076,51.0013195145819,58.3750885262871,1.13397151716592,41.6656962872909
Neutrophils_F066,61.4279050117801,55.5758067577595,9.74948602336987,49.0596769701794,55.0342740191754,53.6336598937166,61.9236694954992,0.0320933426559954,372.349361093584,6.67723109949882,-37.0440553352795,-0.421375163295036,55.6824830293309,66.4688262539273,70.5047969530647,1.04776545118432,62.0453692698525
Neutrophils_F075,34.6675982142681,27.5920758059563,15.951021331952,24.6569826523787,47.1224544134548,28.4221670139828,51.465266283801,0.0355783413363202,449.467695682984,7.29962201078249,73.6426421289605,-2.42368011523028,26.8120686166579,30.9090599277096,36.126335785072,0.91986016025966,23.1194769554196
Whole blood_F001,46.9321073046597,51.2902329821756,41.5431431593035,49.5858205177928,54.4381096301691,50.62836205688,61.4602422285126,0.0679169947996502,1049.22829867827,7.08421889610997,1836.43842166858,-2.90209682143413,53.3018299697829,59.685557696166,64.2361051712299,1.27910918549847,55.3432497094048
Whole blood_F002,43.5646918113247,47.6429195096973,20.4719144642709,43.3067665874903,53.3497710379346,44.9248363100996,57.6870714180546,0.0566967851766705,684.238779218747,7.14575659011082,1171.88688163669,-2.84530331617051,40.7640893179816,48.652056479786,53.4520341642882,1.00988881390052,39.4918546949002
Whole blood_F003,43.9136988979287,42.440491934758,37.8683531383975,43.6349041956465,46.0289581327268,48.0978453001913,58.530064011225,0.0704697763539023,1051.92124999569,7.63757165369877,2052.92044041611,-3.32290780754539,28.8072132581062,46.3836465826087,51.0351532961222,0.943888078886987,43.0327197979084
Whole blood_F011,35.8445863987122,32.5360766309339,26.4978114270041,32.0063151950422,39.126515147782,34.1656175593161,55.6258063663944,0.0606290401864451,895.237690805765,7.53140269565198,1461.90097032968,-3.4815548025362,30.915275365272,37.8009074002132,43.4617864736022,1.14945626933279,36.396302834425
Whole blood_F014,46.7283415385455,48.7466329276486,29.3875342554452,42.8865529448365,51.4525268643739,52.853337540561,61.6372439416566,0.0765857786144966,1013.80879015971,7.23624352264444,2344.92749866822,-3.71585785757812,39.8570229740944,51.6685586117267,60.1134286969702,1.05148009462785,50.1909383064522
Whole blood_F025,27.5633713764288,29.860267295266,21.2692539175179,25.7571445630534,46.5151231005858,30.7848706110099,52.63360469826,0.0467101466609625,589.713964326822,7.5759303170424,717.571827407116,-3.72386010948072,20.426612549635,30.1783444241429,35.7128442066799,0.755559500713106,23.2883736745104
Whole blood_F026,41.4542362842975,46.582656279575,36.9995302224429,47.8709074272794,50.4400138598901,52.0452118808575,61.0677058696635,0.0551795765079337,736.108564987613,7.39192632992943,1151.9030005656,-3.54282560377222,35.8631875283212,47.5259960504812,51.524908268486,0.832863950393889,42.9001233495116
Whole blood_F031,42.8715190674308,33.4224452739536,30.9851547444699,33.4224429545914,44.5571181770388,38.2482556177473,56.9244837274959,0.05070208557213,822.945664153378,7.13677777176229,911.286576623034,-3.15084336030252,34.2750086222298,46.0838027388156,52.1419053273794,1.08832634598124,42.2278422000382
Whole blood_F033,49.6866494477363,47.1261420892739,38.6957234811955,44.8915630839405,54.1449321829298,50.1457507390294,60.8485666130128,0.0614818275214164,913.297887143874,7.0888008492715,1554.61523243741,-3.20964449399145,43.32977749456,49.5941997020058,55.411065026172,0.903641727633981,47.3129259066795
Whole blood_F037,46.3341503406497,43.5741713544346,37.4408716752151,39.2543093534219,46.1976450122941,45.5725903488176,60.010016038756,0.0616012585650166,833.049113451692,6.75205887924525,1572.01932785086,-2.49817818646736,41.4564551643374,53.2890189135538,58.7286017231172,1.07311861791592,47.8862712203907
Whole blood_F038,45.9181892280828,36.5982342475192,25.2745943016964,24.9947453698028,52.1411198995648,40.1074430832467,58.1352844804281,0.0519355874171203,591.466686413508,7.09831994392864,928.424706174517,-2.49765018483715,34.0989315353747,47.0570919035668,53.8902684689398,1.01552987206329,45.1983027208594
Whole blood_F040,49.764365389991,55.5352193121367,28.4553526546534,45.2241643771648,58.4740439864754,56.9644973106649,63.3456726633464,0.0517226787485521,720.914006312112,6.89715461081127,961.144090090711,-2.06319177342278,44.7700351327158,63.8163323128955,67.2434151796615,1.00325628161294,59.4224331151948
Whole blood_F043,39.4136886064248,42.8628498564139,33.9691232503782,39.6591930848985,43.7138782373076,45.4978967396222,59.1226491933641,0.0467432816333436,699.204221135357,7.3414232620429,736.069294631132,-3.81434228493969,26.7493878859547,40.6378881020068,44.3550324391144,0.819989719720274,38.4548712157364
Whole blood_F044,39.0147614364798,40.2334505254235,40.922483853774,33.2205715212366,52.654940361248,40.4875004770279,57.8846523833082,0.05619497889213,764.799679594373,7.38667799475048,1263.5484083351,-3.47504942836748,33.801501991513,39.5373682343381,43.9847688943122,0.849507305541707,37.1725500517422
Whole blood_F047,48.0380963382548,49.9833767456393,30.9361593570861,52.8473281747735,53.7763234333144,53.7162338434023,61.7583653467609,0.0519332502798833,839.303866729893,7.32510039389719,984.267762485469,-3.44234230361895,40.6422847336533,51.7544546838538,58.0514822786859,1.02562114599039,50.314114198951
Whole blood_F048,48.6815242462478,45.1143168870292,32.2453039119284,34.581314276335,50.2546168141414,53.4018822577762,61.0070505027932,0.0577189903813491,876.466718220907,6.97855111525925,1346.16474226225,-2.52233870912839,42.778710853286,57.9415269202839,62.7560319048776,0.803417429216159,48.0537738712371
Whole blood_F049,50.5258405844649,41.0635781157661,43.0706642516564,38.3958827478134,49.7834003672089,38.8819075400328,58.5969377252053,0.0623338444998809,807.440650355521,7.41575336985999,1574.37633316665,-3.54039846822114,30.2828533285528,42.4818376543554,47.8022958577564,1.04526437717271,40.4284230335965
Whole blood_F052,45.9361112304082,34.8146964598896,26.6826035844308,31.8071423631883,47.5950319737869,45.1349081682258,59.220096511269,0.0531447123841291,784.908415432551,7.10397150693732,1089.01031718197,-2.34634223835468,36.142961871773,54.4838198893605,59.0738838309937,0.984361951561668,51.2591008907755
Whole blood_F053,26.194288845616,21.8506070105409,15.5051958248757,17.7480173859174,44.4083275344155,26.4167249325178,51.929555283062,0.0413743934024489,583.354255671493,7.78744722331537,402.212466090504,-3.3489219049011,12.0284209414241,31.507201399747,37.8860089286642,0.961143800694778,22.6054765582724
Whole blood_F057,56.8802515771945,49.2512742022159,34.840338915359,48.4301896618339,53.1735795391419,55.6932572439327,62.8211788370697,0.054357676282772,738.77520170418,7.01369277658406,1066.53680968402,-2.88909903797469,43.8911610943599,63.8448455943043,71.1490605395574,1.105510696137,59.5819328801491
Whole blood_F061,33.4337673858511,29.904219705027,20.0950367915576,16.1989592119921,42.431989218594,34.6167244596305,54.4178352239456,0.0500927700232031,706.259269720308,7.40429401805383,831.364062805011,-2.64907703178067,32.2858277885125,47.1867423508885,53.7843103939297,1.00722872983356,37.3122644676444
Whole blood_F066,53.7372010628818,55.8107647623493,33.9200303534605,37.984824983329,45.6195066960579,52.588788505412,62.1224686545391,0.0590842536366925,899.307713640556,7.01490973489546,1440.0571488895,-3.23514548281627,40.0064851257494,56.3667896277524,60.3150522440716,0.969967819384819,52.9000437847316
Whole blood_F075,31.2942407714614,30.0808946424854,20.4701807984853,27.3288245246216,39.764740744074,28.1537014373505,51.8134364038623,0.0496980986749507,680.088901749609,7.67448931306136,853.863465058659,-3.90663594280075,16.0111830911298,27.0496816045623,30.3251609020884,0.741360003708425,22.9439841233547
